<?xml version="1.0" encoding="UTF-8"?>
<configuration status="warn">
	<Appenders>
		<Console name="Console" target="SYSTEM_OUT">
			<PatternLayout pattern="%d{HH:mm:ss.SSS} [%t] %-5level %logger{36} - %msg%n"></PatternLayout>
		</Console>
		<File name="File" fileName="logs/application.log">
			<PatternLayout
				pattern="%d{HH:mm:ss.SSS} [%t] %-5level %logger{36} - %msg%n" />
		</File>
	</Appenders>
	<Loggers>
		<Root level="info">
			<AppenderRef ref="Console" />
			<AppenderRef ref="File" />
		</Root>
	</Loggers>
</configuration>